% Model,TEG_PbTe_100K_VALIDATED.mph
% Version,COMSOL 6.2.0.339
% Date,"Mar 1 2026, 15:41"
% Table,Table 16 - Global Evaluation 1
% Rload (Ω),Current through device R1 (A),Voltage across device R1 (V),cir.R1_i^2*Rload (W),Load resistance (Ω)
0.001,-2.0284533533479814,-0.0020284533533479815,0.004114623006708671,0.001
0.002,-1.8297009132480015,-0.003659401826496003,0.006695610863881142,0.002
0.005,-1.4140038468257652,-0.007070019234128826,0.00999703439419031,0.005
0.01,-1.025687849148419,-0.010256878491484189,0.010520355638907098,0.01
0.02,-0.6620572847848045,-0.01324114569569609,0.008766396966732554,0.02
0.05,-0.320830855487068,-0.016041542774353403,0.005146621891628196,0.05
0.1,-0.1725819972563915,-0.01725819972563915,0.0029784545777005126,0.1
0.2,-0.08969231549610361,-0.017938463099220724,0.0016089422918105175,0.2
0.5,-0.03674597164269574,-0.01837298582134787,6.751332159828997E-4,0.5
1,-0.018522542761392317,-0.018522542761392317,3.430845903476069E-4,1
2,-0.009299119005349958,-0.018598238010699916,1.729472285513216E-4,2
5,-0.00372879057126979,-0.018643952856348952,6.951939562195244E-5,5
10,-0.0018659241120418156,-0.018659241120418155,3.481672791899038E-5,10
1000,-1.8674401220137115E-5,-0.018674401220137114,3.4873326093065854E-7,1000
